,p8_111_2,p8_111_longitudinal_non_integral_-0.5,p8_111_longitudinal_non_integral_0.5,p8_131,p8_131_longitudinal_non_integral_-0.5,p8_131_longitudinal_non_integral_0.5,p8_111,p8_121,p8_141,p8_112,p8_122,p8_132,p8_142,avg
"Baseline 1: no pre-training, no meta training",0.48525469168900803,0.7725,0.5106888361045131,0.5459610027855153,0.5435356200527705,0.5523560209424084,0.3877551020408163,0.5049261083743842,0.5341772151898734,0.7485549132947977,0.45843828715365237,0.4987593052109181,0.40399002493765584,0.5343767021366396
Baseline 2: pre-trained model,0.5549597855227882,0.615,0.7078384798099763,0.47075208913649025,0.6596306068601583,0.819371727748691,0.5,0.49507389162561577,0.589873417721519,0.5722543352601156,0.5440806045340051,0.49379652605459057,0.5885286783042394,0.5854738571213992
M-EMG,0.46112600536193027,0.5725,0.672209026128266,0.4233983286908078,0.7862796833773087,0.7696335078534031,0.5433673469387755,0.4729064039408867,0.6481012658227848,0.7312138728323699,0.5516372795969773,0.47890818858560796,0.6159600997506235,0.5944031545292109
