,p4_111_2,p4_111_longitudinal_non_integral_-0.5,p4_111_longitudinal_non_integral_0.5,p4_131,p4_131_longitudinal_non_integral_-0.5,p4_131_longitudinal_non_integral_0.5,p4_111,p4_121,p4_141,p4_112,p4_122,p4_132,p4_142,avg
"Baseline 1: no pre-training, no meta training",0.7414330218068536,0.4477124183006536,0.6258503401360545,0.545,0.8125,0.496551724137931,0.5128865979381443,0.6100478468899522,0.403899721448468,0.5889328063241107,0.5361552028218695,0.47558386411889597,0.4972677595628415,0.5610631771912135
Baseline 2: pre-trained model,0.7476635514018691,0.6862745098039216,0.7755102040816326,0.6675,0.7065217391304348,0.6931034482758621,0.7036082474226805,0.7200956937799043,0.6713091922005571,0.6442687747035574,0.7142857142857143,0.692144373673036,0.575591985428051,0.6921444180144017
M-EMG,0.7071651090342679,0.6895424836601307,0.7448979591836735,0.73,0.7418478260869565,0.696551724137931,0.7371134020618557,0.7105263157894737,0.5459610027855153,0.6403162055335968,0.6843033509700176,0.7303609341825902,0.5883424408014571,0.6882252887867281
