,p4_111_2,p4_111_longitudinal_non_integral_-0.5,p4_111_longitudinal_non_integral_0.5,p4_131,p4_131_longitudinal_non_integral_-0.5,p4_131_longitudinal_non_integral_0.5,p4_111,p4_121,p4_141,p4_112,p4_122,p4_132,p4_142,avg
"Baseline 1: no pre-training, no meta training",0.5638629283489096,0.6143790849673203,0.6904761904761905,0.5575,0.6277173913043478,0.4862068965517241,0.5128865979381443,0.6100478468899522,0.6880222841225627,0.4268774703557312,0.5202821869488536,0.49044585987261147,0.48451730418943534,0.5594786186127526
Baseline 2: pre-trained model,0.6697819314641744,0.7026143790849673,0.6938775510204082,0.7125,0.6358695652173914,0.6551724137931034,0.5128865979381443,0.7368421052631579,0.6935933147632312,0.6264822134387352,0.6790123456790124,0.6666666666666666,0.5555555555555556,0.6569888184526577
M-EMG,0.6386292834890965,0.673202614379085,0.6870748299319728,0.615,0.6440217391304348,0.603448275862069,0.5128865979381443,0.65311004784689,0.7325905292479109,0.5830039525691699,0.6472663139329806,0.5562632696390658,0.5209471766848816,0.6205726638962847
