,p4_111_2,p4_111_longitudinal_non_integral_-0.5,p4_111_longitudinal_non_integral_0.5,p4_131,p4_131_longitudinal_non_integral_-0.5,p4_131_longitudinal_non_integral_0.5,p4_111,p4_121,p4_141,p4_112,p4_122,p4_132,p4_142,avg
"Baseline 1: no pre-training, no meta training",0.6480079025353968,0.48180242634315423,0.7360608254887763,0.5797594142259415,0.5055634807417975,0.596555514840601,0.5461165048543689,0.6478521478521478,0.6544655929721815,0.4456032719836401,0.5286832999453651,0.5016538037486218,0.4742287434161023,0.5651040714575457
Baseline 2: pre-trained model,0.7339479749753046,0.8221837088388215,0.7498189717595944,0.7460774058577406,0.696718972895863,0.777940637596189,0.7222222222222222,0.7797202797202797,0.718887262079063,0.6480572597137014,0.7051538881806593,0.6780595369349504,0.5321670428893905,0.7162273202818293
M-EMG,0.69706947645703,0.9285961871750433,0.7559739319333816,0.7432008368200836,0.7808844507845935,0.8171491388787101,0.7370550161812298,0.741008991008991,0.7033674963396779,0.6177914110429448,0.5709342560553633,0.6527012127894156,0.5810759969902182,0.7174468001889756
