,p3_111,p3_111_longitudinal_non_integral_0.5,p3_131,p3_131_longitudinal_non_integral_-0.5,p3_131_longitudinal_non_integral_0.5,p3_121,p3_141,p3_112,p3_122,p3_132,p3_142,avg
"Baseline 1: no pre-training, no meta training",0.6288751107174491,0.3228882833787466,0.6011466011466011,0.41561264822134386,0.4207615400978515,0.6393303666030938,0.5697709015174055,0.573082489146165,0.5874587458745875,0.6272079330647661,0.634703196347032,0.5473488923740948
Baseline 2: pre-trained model,0.6288751107174491,0.6014013234721681,0.6838656838656839,0.6090909090909091,0.589661774090619,0.7092604365331638,0.42517108003570364,0.6683550410033767,0.7006854531607006,0.6086148125193679,0.6033485540334855,0.6207572889566024
M-EMG,0.5759521700620017,0.5844686648501363,0.546000546000546,0.724505928853755,0.5505211657094236,0.7702903157448612,0.4242784885450759,0.6808972503617945,0.7532368621477532,0.7815308335915712,0.5869101978691019,0.634417493066911
