,p8_111_2,p8_111_longitudinal_non_integral_-0.5,p8_111_longitudinal_non_integral_0.5,p8_131,p8_131_longitudinal_non_integral_-0.5,p8_131_longitudinal_non_integral_0.5,p8_111,p8_121,p8_141,p8_112,p8_122,p8_132,p8_142,avg
"Baseline 1: no pre-training, no meta training",0.3576847429053105,0.5201044386422976,0.5070631970260223,0.4256004686584651,0.5009681881051176,0.5202962150301701,0.4519230769230769,0.5102827763496144,0.5471898197242842,0.6760048721071864,0.3466912733983654,0.489742923915866,0.5011727912431587,0.48882498338684116
Baseline 2: pre-trained model,0.5125035122225344,0.5485639686684073,0.6312267657992565,0.46719390743995315,0.513969571230982,0.6256171146461876,0.6201923076923077,0.5151670951156813,0.6100212089077413,0.6945797807551766,0.6902188241497496,0.5107764217086471,0.6497263487099296,0.5838274482343503
M-EMG,0.5352627142455746,0.6637075718015666,0.7038413878562577,0.5676625659050967,0.5134163208852005,0.6003839824465167,0.8210470085470085,0.570694087403599,0.7836691410392365,0.6811814859926918,0.6414447666754548,0.5442742144897429,0.6085483450612458,0.6334718147960916
