,p1_111_2,p1_111_longitudinal_non_integral_-0.5,p1_111_longitudinal_non_integral_0.5_2,p1_131,p1_131_longitudinal_non_integral_-0.5,p1_131_longitudinal_non_integral_0.5,p1_111,p1_121,p1_141,p1_112,p1_122,p1_132,p1_142,avg
"Baseline 1: no pre-training, no meta training",0.5533333333333333,0.31754874651810583,0.48507462686567165,0.40106951871657753,0.43823529411764706,0.3685636856368564,0.4634146341463415,0.4854586129753915,0.352,0.6135265700483091,0.48717948717948717,0.4239401496259352,0.5160550458715596,0.4542615157719397
Baseline 2: pre-trained model,0.7644444444444445,0.6824512534818942,0.6567164179104478,0.5614973262032086,0.5323529411764706,0.5880758807588076,0.600609756097561,0.5413870246085011,0.41333333333333333,0.6231884057971014,0.35664335664335667,0.6134663341645885,0.48394495412844035,0.5706239560575503
M-EMG,0.7088888888888889,0.6183844011142061,0.7338308457711443,0.5026737967914439,0.5294117647058824,0.5149051490514905,0.5152439024390244,0.5324384787472036,0.3626666666666667,0.5603864734299517,0.4172494172494173,0.4837905236907731,0.3486238532110092,0.5252687816736232
