,p4_111_2,p4_111_longitudinal_non_integral_-0.5,p4_111_longitudinal_non_integral_0.5,p4_131,p4_131_longitudinal_non_integral_-0.5,p4_131_longitudinal_non_integral_0.5,p4_111,p4_121,p4_141,p4_112,p4_122,p4_132,p4_142,avg
"Baseline 1: no pre-training, no meta training",0.6911425749094501,0.5850953206239168,0.7125271542360608,0.5797594142259415,0.503851640513552,0.5005496518871382,0.5461165048543689,0.6478521478521478,0.6442166910688141,0.4456032719836401,0.5184847932981242,0.5248070562293274,0.48645598194130923,0.5681894002787531
Baseline 2: pre-trained model,0.6927889364504445,0.8138648180242635,0.8048515568428675,0.7531380753138075,0.7241084165477889,0.8189813118358373,0.6922869471413161,0.7557442557442557,0.7411420204978038,0.6361963190184049,0.5610999817883809,0.7056229327453142,0.5105342362678705,0.7084892160167965
M-EMG,0.6987158379980244,0.8623916811091854,0.7661115133960897,0.7188807531380753,0.8105563480741798,0.8677171124954196,0.7405609492988133,0.804945054945055,0.6796486090775988,0.7143149284253578,0.5958841741030778,0.6811466372657111,0.587471783295711,0.7329496448171
