{"baseline1/fine_tuning_training_loss": 0.6047707051038742, "_timestamp": 1702777752.4194956, "_runtime": 3498.234154701233, "_step": 20504, "baseline1/fine_tuning_val_loss": 1.1278906911611557, "baseline1/fine_tuning_acc": 0.5989304812834224, "baseline2/pretraining_loss": 0.628102980468041, "baseline2/pretraining_acc": 0.7481420313790256, "baseline2/pretraining_epoch": 44, "baseline2/fine_tuning_training_loss": 0.24593985825777054, "baseline2/fine_tuning_val_loss": 1.4211959764361382, "baseline2/fine_tuning_acc": 0.6684491978609626, "meta/training/training_loss": 0.49433345595995587, "meta/training/val_loss": 0.5314446967095137, "meta/training/val_acc": 0.7907949790794979, "meta/validation/avg_val_loss": 0.8461074713085379, "meta/validation/avg_val_acc": 0.6814259229984524, "meta/validation/meta_epoch": 299, "_wandb": {"runtime": 3503}}