,p3_111,p3_111_longitudinal_non_integral_0.5,p3_131,p3_131_longitudinal_non_integral_-0.5,p3_131_longitudinal_non_integral_0.5,p3_121,p3_141,p3_112,p3_122,p3_132,p3_142,avg
"Baseline 1: no pre-training, no meta training",0.5948827292110874,0.4500941619585687,0.5651041666666666,0.7648183556405354,0.5389344262295082,0.7464212678936605,0.5310734463276836,0.5949074074074074,0.6326034063260341,0.6647058823529411,0.5924855491329479,0.6069118908315492
Baseline 2: pre-trained model,0.579957356076759,0.5800376647834274,0.6848958333333334,0.6749521988527725,0.5491803278688525,0.7505112474437627,0.5790960451977402,0.6620370370370371,0.6690997566909975,0.7294117647058823,0.661849710982659,0.6473662675430202
M-EMG,0.5373134328358209,0.615819209039548,0.7083333333333334,0.7590822179732314,0.5430327868852459,0.7484662576687117,0.5536723163841808,0.6458333333333334,0.7128953771289538,0.7264705882352941,0.6242774566473989,0.652290573587732
