,p1_111_2,p1_111_longitudinal_non_integral_-0.5,p1_111_longitudinal_non_integral_0.5_2,p1_131,p1_131_longitudinal_non_integral_-0.5,p1_131_longitudinal_non_integral_0.5,p1_111,p1_121,p1_141,p1_112,p1_122,p1_132,p1_142,avg
"Baseline 1: no pre-training, no meta training",0.5533333333333333,0.31754874651810583,0.48507462686567165,0.40106951871657753,0.43823529411764706,0.3685636856368564,0.4634146341463415,0.4854586129753915,0.352,0.6135265700483091,0.48717948717948717,0.4239401496259352,0.5160550458715596,0.4542615157719397
Baseline 2: pre-trained model,0.76,0.6796657381615598,0.6592039800995025,0.5588235294117647,0.5235294117647059,0.5799457994579946,0.600609756097561,0.5413870246085011,0.408,0.6256038647342995,0.35664335664335667,0.6134663341645885,0.48853211009174313,0.5688777619411982
M-EMG,0.7222222222222222,0.6601671309192201,0.7089552238805971,0.5133689839572193,0.5647058823529412,0.5528455284552846,0.600609756097561,0.5279642058165548,0.3973333333333333,0.6183574879227053,0.4382284382284382,0.5187032418952618,0.3761467889908257,0.5538160172363203
