,p4_111_2,p4_111_longitudinal_non_integral_-0.5,p4_111_longitudinal_non_integral_0.5,p4_131,p4_131_longitudinal_non_integral_-0.5,p4_131_longitudinal_non_integral_0.5,p4_111,p4_121,p4_141,p4_112,p4_122,p4_132,p4_142,avg
"Baseline 1: no pre-training, no meta training",0.6792887718142904,0.4942807625649913,0.6303403330919624,0.5797594142259415,0.5078459343794579,0.5507511909124221,0.5461165048543689,0.6478521478521478,0.6436310395314788,0.4456032719836401,0.5184847932981242,0.5016538037486218,0.459556057185854,0.5542433865725617
Baseline 2: pre-trained model,0.7359236088244978,0.8058925476603119,0.7552498189717596,0.7139121338912134,0.6436519258202568,0.7720776841333822,0.7278856526429341,0.775974025974026,0.7812591508052709,0.7456032719836401,0.6587142596976872,0.6363836824696802,0.5596313017306245,0.7163199280465603
M-EMG,0.7089232795521897,0.8897746967071057,0.7574221578566256,0.7021443514644351,0.7195435092724679,0.8695492854525467,0.7330097087378641,0.727022977022977,0.7124450951683748,0.7190184049079754,0.6306683664177746,0.6937155457552371,0.5558690744920993,0.7245466502159749
