,p3_111,p3_111_longitudinal_non_integral_0.5,p3_131,p3_131_longitudinal_non_integral_-0.5,p3_131_longitudinal_non_integral_0.5,p3_121,p3_141,p3_112,p3_122,p3_132,p3_142,avg
"Baseline 1: no pre-training, no meta training",0.40298507462686567,0.4331450094161959,0.6875,0.40535372848948376,0.5778688524590164,0.6134969325153374,0.5225988700564972,0.6041666666666666,0.46715328467153283,0.6764705882352942,0.6445086705202312,0.548658879787011
Baseline 2: pre-trained model,0.5735607675906184,0.6666666666666666,0.6640625,0.5583173996175909,0.5922131147540983,0.7177914110429447,0.5819209039548022,0.6504629629629629,0.6593673965936739,0.6970588235294117,0.5606936416184971,0.6292832353028424
M-EMG,0.4989339019189765,0.4425612052730697,0.5755208333333334,0.47992351816443596,0.5368852459016393,0.7239263803680982,0.5819209039548022,0.5370370370370371,0.5961070559610706,0.5735294117647058,0.5838150289017341,0.5572873202344456
