,p3_111,p3_111_longitudinal_non_integral_0.5,p3_131,p3_131_longitudinal_non_integral_-0.5,p3_131_longitudinal_non_integral_0.5,p3_121,p3_141,p3_112,p3_122,p3_132,p3_142,avg
"Baseline 1: no pre-training, no meta training",0.5907883082373782,0.38731023744647725,0.6014196014196014,0.2658102766798419,0.4324611784726654,0.7192201737656283,0.5700684320142815,0.5759768451519537,0.5877126174155877,0.6275178184071893,0.6350076103500761,0.5448448272146074
Baseline 2: pre-trained model,0.6169176262178919,0.578824445309459,0.6726726726726727,0.600395256916996,0.6181663475856201,0.7196439923712651,0.6343350193394823,0.6958514230583696,0.7100787001777101,0.7740935853734119,0.710806697108067,0.6665259787391768
M-EMG,0.6452612931798052,0.5951732191514207,0.6945126945126945,0.8102766798418972,0.6002978089768134,0.7690188599279508,0.5370425468610532,0.7108055957549445,0.7451129728357451,0.7920669352339634,0.7385083713850837,0.6943706343328521
