,p1_111_2,p1_111_longitudinal_non_integral_-0.5,p1_111_longitudinal_non_integral_0.5_2,p1_131,p1_131_longitudinal_non_integral_-0.5,p1_131_longitudinal_non_integral_0.5,p1_111,p1_121,p1_141,p1_112,p1_122,p1_132,p1_142,avg
"Baseline 1: no pre-training, no meta training",0.54364896073903,0.4711904065516233,0.5179220779220779,0.5526241930957059,0.48543087414755115,0.5376527422563229,0.5398001933612633,0.5181479758026989,0.5317838140576869,0.6298815822625347,0.5179961089494164,0.5209908735332465,0.5499283325370282,0.5320767796320143
Baseline 2: pre-trained model,0.6944572748267899,0.6636443404504241,0.6506493506493507,0.6385068762278978,0.6236825790452573,0.6115373685706167,0.5394779245891073,0.5858538855281527,0.48977877345281434,0.670949861426052,0.46108949416342415,0.6445893089960887,0.4861442904921166,0.5969508714167764
M-EMG,0.7473441108545035,0.7461245978356245,0.7574025974025974,0.6884647768734212,0.5145691258524488,0.6427962489343564,0.6680631646793426,0.5367612843182876,0.44945393447213666,0.6948853615520282,0.4586575875486381,0.6221642764015646,0.5413282369804109,0.6206165618234892
