{"baseline1/fine_tuning_training_loss": 0.6047719269990921, "_timestamp": 1702772321.652873, "_runtime": 2216.4083211421967, "_step": 14104, "baseline1/fine_tuning_val_loss": 1.1278908898433049, "baseline1/fine_tuning_acc": 0.5989304812834224, "baseline2/pretraining_loss": 0.6244360741731947, "baseline2/pretraining_acc": 0.7503096614368291, "baseline2/pretraining_epoch": 44, "baseline2/fine_tuning_training_loss": 0.2240159660577774, "baseline2/fine_tuning_val_loss": 1.5671179294586182, "baseline2/fine_tuning_acc": 0.6256684491978609, "meta/training/training_loss": 0.7962483366330465, "meta/training/val_loss": 0.7883224827902657, "meta/training/val_acc": 0.6728971962616822, "meta/validation/avg_val_loss": 0.7949226558208465, "meta/validation/avg_val_acc": 0.7023016752066826, "meta/validation/meta_epoch": 199, "_wandb": {"runtime": 2221}}