,p8_111_2,p8_111_longitudinal_non_integral_-0.5,p8_111_longitudinal_non_integral_0.5,p8_131,p8_131_longitudinal_non_integral_-0.5,p8_131_longitudinal_non_integral_0.5,p8_111,p8_121,p8_141,p8_112,p8_122,p8_132,p8_142,avg
"Baseline 1: no pre-training, no meta training",0.5198089350941275,0.5373368146214099,0.561090458488228,0.4258933801991798,0.5034578146611342,0.5186505759736698,0.42948717948717946,0.5087403598971723,0.43133616118769885,0.6449451887941535,0.4956498813604007,0.4892235782913529,0.4334115194162106,0.49992552672860907
Baseline 2: pre-trained model,0.5487496487777466,0.5577023498694517,0.6200743494423792,0.5462800234329233,0.5911479944674966,0.6966538672517828,0.6047008547008547,0.39177377892030846,0.5509013785790032,0.7058465286236297,0.6377537569206433,0.46169826019215787,0.619233776387803,0.5794243513512447
M-EMG,0.7347569542006182,0.6885117493472585,0.7306071871127633,0.6186291739894552,0.5947441217150761,0.5633571036752606,0.7069978632478633,0.6953727506426736,0.75,0.8160779537149817,0.7221196941734774,0.6336016619059984,0.6671879072191816,0.6863049323803545
