,p3_111,p3_111_longitudinal_non_integral_0.5,p3_131,p3_131_longitudinal_non_integral_-0.5,p3_131_longitudinal_non_integral_0.5,p3_121,p3_141,p3_112,p3_122,p3_132,p3_142,avg
"Baseline 1: no pre-training, no meta training",0.629096545615589,0.38731023744647725,0.6014196014196014,0.2907114624505929,0.44862795149968093,0.7272727272727273,0.5700684320142815,0.5733236854799807,0.5877126174155877,0.6275178184071893,0.6350076103500761,0.5525516990337985
Baseline 2: pre-trained model,0.629317980513729,0.5523550019462826,0.7032487032487033,0.5474308300395256,0.6266751754945756,0.7372324645051918,0.639690568283249,0.6915098890496865,0.7187103325717187,0.7657266811279827,0.7101978691019787,0.6656450450802385
M-EMG,0.6279893711248893,0.5951732191514207,0.6912366912366913,0.766798418972332,0.6139119336311423,0.7815215087942361,0.5825647128830705,0.6919922817173179,0.7603452652957603,0.8063216609854353,0.75220700152207,0.6972783695740332
