,p8_111_2,p8_111_longitudinal_non_integral_-0.5,p8_111_longitudinal_non_integral_0.5,p8_131,p8_131_longitudinal_non_integral_-0.5,p8_131_longitudinal_non_integral_0.5,p8_111,p8_121,p8_141,p8_112,p8_122,p8_132,p8_142,avg
"Baseline 1: no pre-training, no meta training",0.7089069963472886,0.54177545691906,0.561090458488228,0.4288224956063269,0.5012448132780083,0.5200219418540867,0.42948717948717946,0.5115681233933161,0.6187698833510075,0.6361144945188795,0.558133403638281,0.48454946767073487,0.44175136825645034,0.5340181602160651
Baseline 2: pre-trained model,0.577409384658612,0.5934725848563969,0.6874845105328377,0.5436438195664909,0.5313969571230982,0.6198573779484366,0.6904380341880342,0.5624678663239074,0.6916755037115588,0.7378197320341048,0.7418929607171104,0.555959491041288,0.6760489966119364,0.6315051707164471
M-EMG,0.6788423714526552,0.7044386422976502,0.7395291201982652,0.6479203280609256,0.733609958506224,0.5831047723532639,0.6298076923076923,0.6740359897172237,0.6630434782608695,0.8337393422655298,0.7513841286580543,0.6078940534925993,0.6348709929632526,0.6832477592718619
