,p4_111_2,p4_111_longitudinal_non_integral_-0.5,p4_111_longitudinal_non_integral_0.5,p4_131,p4_131_longitudinal_non_integral_-0.5,p4_131_longitudinal_non_integral_0.5,p4_111,p4_121,p4_141,p4_112,p4_122,p4_132,p4_142,avg
"Baseline 1: no pre-training, no meta training",0.7414330218068536,0.4477124183006536,0.6258503401360545,0.545,0.8125,0.496551724137931,0.5128865979381443,0.6100478468899522,0.403899721448468,0.5889328063241107,0.5361552028218695,0.47558386411889597,0.4972677595628415,0.5610631771912135
Baseline 2: pre-trained model,0.7476635514018691,0.6830065359477124,0.7721088435374149,0.67,0.7146739130434783,0.6931034482758621,0.7036082474226805,0.7200956937799043,0.6713091922005571,0.642292490118577,0.7142857142857143,0.6900212314225053,0.5774134790528234,0.6922755646530077
M-EMG,0.6947040498442367,0.6830065359477124,0.7755102040816326,0.7575,0.7336956521739131,0.7275862068965517,0.7448453608247423,0.7057416267942583,0.6016713091922006,0.6324110671936759,0.689594356261023,0.7494692144373672,0.581056466302368,0.6982147730730524
