,p3_111,p3_111_longitudinal_non_integral_0.5,p3_131,p3_131_longitudinal_non_integral_-0.5,p3_131_longitudinal_non_integral_0.5,p3_121,p3_141,p3_112,p3_122,p3_132,p3_142,avg
"Baseline 1: no pre-training, no meta training",0.5948827292110874,0.4500941619585687,0.5651041666666666,0.7648183556405354,0.5389344262295082,0.7464212678936605,0.5310734463276836,0.5949074074074074,0.6326034063260341,0.6647058823529411,0.5924855491329479,0.6069118908315492
Baseline 2: pre-trained model,0.582089552238806,0.5800376647834274,0.6875,0.6749521988527725,0.5409836065573771,0.7484662576687117,0.5819209039548022,0.6643518518518519,0.6666666666666666,0.7235294117647059,0.6560693641618497,0.6460515889546337
M-EMG,0.5650319829424307,0.5499058380414312,0.671875,0.7151051625239006,0.5409836065573771,0.7525562372188139,0.5480225988700564,0.6597222222222222,0.7299270072992701,0.6705882352941176,0.5953757225433526,0.6362812375920885
