,p8_111_2,p8_111_longitudinal_non_integral_-0.5,p8_111_longitudinal_non_integral_0.5,p8_131,p8_131_longitudinal_non_integral_-0.5,p8_131_longitudinal_non_integral_0.5,p8_111,p8_121,p8_141,p8_112,p8_122,p8_132,p8_142,avg
"Baseline 1: no pre-training, no meta training",0.5647653835347007,0.5420365535248042,0.561090458488228,0.4270650263620387,0.501521438450899,0.5112452002194185,0.42948717948717946,0.5719794344473008,0.5365853658536586,0.6610840438489647,0.565251779593989,0.4770189561152947,0.4334115194162106,0.5217340261032837
Baseline 2: pre-trained model,0.6602978364709188,0.5788511749347258,0.6309789343246592,0.5134739308728764,0.5905947441217151,0.6941854086670324,0.6410256410256411,0.6244215938303342,0.6715270413573701,0.8035931790499391,0.708673872923807,0.5383017398078421,0.6619755016940317,0.6398385076216072
M-EMG,0.8134307389716212,0.664490861618799,0.6899628252788104,0.6719390743995314,0.751313969571231,0.6925397696105321,0.6712072649572649,0.6748071979434447,0.7627253446447508,0.8316077953714982,0.7434748220406011,0.6593092703193976,0.618712535835288,0.7111939592740592
