,p3_111,p3_111_longitudinal_non_integral_0.5,p3_131,p3_131_longitudinal_non_integral_-0.5,p3_131_longitudinal_non_integral_0.5,p3_121,p3_141,p3_112,p3_122,p3_132,p3_142,avg
"Baseline 1: no pre-training, no meta training",0.6545615589016829,0.34312962242117556,0.6521976521976522,0.3209486166007905,0.4339502233567326,0.7151938970120788,0.5697709015174055,0.573082489146165,0.5874587458745875,0.6272079330647661,0.634703196347032,0.5556549851309153
Baseline 2: pre-trained model,0.6326395039858281,0.5873880887504865,0.7043407043407044,0.5814229249011857,0.6024250159540523,0.7139224411951685,0.5792918774174353,0.7001929570670525,0.7014470677837015,0.786488999070344,0.6870624048706241,0.6615110895760531
M-EMG,0.5890168290522586,0.6000389256520047,0.7280917280917281,0.6770750988142292,0.5962561157200595,0.7101080737444374,0.43826242189824455,0.6362759286058852,0.7095709570957096,0.7706848466067555,0.7004566210045662,0.6505306860259888
