,p1_111_2,p1_111_longitudinal_non_integral_-0.5,p1_111_longitudinal_non_integral_0.5_2,p1_131,p1_131_longitudinal_non_integral_-0.5,p1_131_longitudinal_non_integral_0.5,p1_111,p1_121,p1_141,p1_112,p1_122,p1_132,p1_142,avg
"Baseline 1: no pre-training, no meta training",0.54364896073903,0.4711904065516233,0.571948051948052,0.552904855458883,0.4857408555486671,0.5382210855356635,0.5398001933612633,0.5183806421591438,0.5320638476617194,0.6298815822625347,0.5179961089494164,0.521251629726206,0.5499283325370282,0.5363812732645562
Baseline 2: pre-trained model,0.6963048498845266,0.6428780345130155,0.614025974025974,0.6766769576199831,0.7284562926224426,0.5760159136118216,0.6252014179825975,0.5856212191717077,0.5135816297955754,0.671201814058957,0.5569066147859922,0.6208604954367666,0.5477783086478739,0.6196545786274795
M-EMG,0.6907621247113164,0.7209710441649605,0.7244155844155844,0.7109177659275892,0.5306881587104774,0.6624040920716112,0.6683854334514986,0.5214053047929269,0.5256230747689723,0.7044595616024187,0.506079766536965,0.6185136897001304,0.5745341614906833,0.6276276740265488
