,p3_111,p3_111_longitudinal_non_integral_0.5,p3_131,p3_131_longitudinal_non_integral_-0.5,p3_131_longitudinal_non_integral_0.5,p3_121,p3_141,p3_112,p3_122,p3_132,p3_142,avg
"Baseline 1: no pre-training, no meta training",0.5343224092116917,0.38731023744647725,0.6131586131586132,0.4140316205533597,0.43139757498404596,0.297096842551388,0.6105325795894079,0.573082489146165,0.7382584412287383,0.6724511930585684,0.7275494672754946,0.5453810425639954
Baseline 2: pre-trained model,0.6313108945969885,0.47625535227715066,0.693966693966694,0.46956521739130436,0.5256328440757285,0.6664547573638483,0.49003272835465633,0.7093584177520502,0.6824067022086824,0.7697551905794856,0.6852359208523592,0.6181795199471771
M-EMG,0.6302037201062888,0.4914363565589724,0.6049686049686049,0.549604743083004,0.5300999787279302,0.7741046831955923,0.46176733115144303,0.7120115774240231,0.6356943386646356,0.6770994731949179,0.6961948249619483,0.6148350574579419
