,p1_111_2,p1_111_longitudinal_non_integral_-0.5,p1_111_longitudinal_non_integral_0.5_2,p1_131,p1_131_longitudinal_non_integral_-0.5,p1_131_longitudinal_non_integral_0.5,p3_111,p3_111_longitudinal_non_integral_0.5,p3_131,p3_131_longitudinal_non_integral_-0.5,p3_131_longitudinal_non_integral_0.5,p4_111_2,p4_111_longitudinal_non_integral_-0.5,p4_111_longitudinal_non_integral_0.5,p4_131,p4_131_longitudinal_non_integral_-0.5,p4_131_longitudinal_non_integral_0.5,p7_111,p7_111_longitudinal_non_integral_-0.5,p7_111_longitudinal_non_integral_0.5,p7_131,p7_131_longitudinal_non_integral_-0.5,p7_131_longitudinal_non_integral_0.5,p8_111_2,p8_111_longitudinal_non_integral_-0.5,p8_111_longitudinal_non_integral_0.5,p8_131,p8_131_longitudinal_non_integral_-0.5,p8_131_longitudinal_non_integral_0.5,avg
b1 model,0.5222222222222223,0.44846796657381616,0.5422885572139303,0.2905759162303665,0.4647058823529412,0.5149051490514905,0.1844380403458213,0.030131826741996232,0.12470588235294118,0.2237093690248566,0.2520491803278688,0.2897196261682243,0.238562091503268,0.24149659863945577,0.30727762803234504,0.16847826086956522,0.2655172413793103,0.5454545454545454,0.3351063829787234,0.5350140056022409,0.48055555555555557,0.440625,0.22857142857142856,0.7131367292225201,0.225,0.2992874109263658,0.3544973544973545,0.46437994722955145,0.25392670157068065,0.34430367243584087
