,p4_111_2,p4_111_longitudinal_non_integral_-0.5,p4_111_longitudinal_non_integral_0.5,p4_131,p4_131_longitudinal_non_integral_-0.5,p4_131_longitudinal_non_integral_0.5,p4_111,p4_121,p4_141,p4_112,p4_122,p4_132,p4_142,avg
"Baseline 1: no pre-training, no meta training",0.6532762594665789,0.6634315424610052,0.6842867487328023,0.5797594142259415,0.5035663338088445,0.6588493953829242,0.5461165048543689,0.6478521478521478,0.6486090775988287,0.4456032719836401,0.5212165361500637,0.5016538037486218,0.4554176072234763,0.5776645110376342
Baseline 2: pre-trained model,0.7250576226539348,0.8433275563258232,0.782041998551774,0.7248953974895398,0.8031383737517832,0.759985342616343,0.7381337648327939,0.6545954045954046,0.7183016105417277,0.6004089979550102,0.6987798215261337,0.7095920617420066,0.49435665914221216,0.7117395855172681
M-EMG,0.7099110964767863,0.8880415944540728,0.780231716147719,0.7672594142259415,0.7980028530670471,0.862953462806889,0.7545846817691478,0.7902097902097902,0.6860907759882869,0.7372188139059305,0.6503369149517392,0.7232635060639471,0.6072234762979684,0.750409853566559
