,p1_111_2,p1_111_longitudinal_non_integral_-0.5,p1_111_longitudinal_non_integral_0.5_2,p1_131,p1_131_longitudinal_non_integral_-0.5,p1_131_longitudinal_non_integral_0.5,p1_111,p1_121,p1_141,p1_112,p1_122,p1_132,p1_142,avg
"Baseline 1: no pre-training, no meta training",0.5443418013856813,0.4711904065516233,0.5776623376623377,0.5526241930957059,0.4857408555486671,0.5379369138959932,0.5398001933612633,0.5183806421591438,0.5320638476617194,0.6298815822625347,0.5179961089494164,0.521251629726206,0.5499283325370282,0.5368306803690246
Baseline 2: pre-trained model,0.7138568129330254,0.6525299795261772,0.6963636363636364,0.6008981195621668,0.6593304401735895,0.6115373685706167,0.6200451176281019,0.5818985574685901,0.5035004200504061,0.762408667170572,0.4798151750972763,0.6761408083441982,0.5150501672240803,0.6210288669317259
M-EMG,0.7143187066974596,0.7054694355074583,0.6984415584415584,0.6971653101319113,0.5536267823930564,0.6686558681443592,0.6761198839832421,0.5353652861796184,0.5161019322318678,0.7238599143361049,0.45428015564202334,0.636245110821382,0.524605828953655,0.6234042902664382
