,p4_111_2,p4_111_longitudinal_non_integral_-0.5,p4_111_longitudinal_non_integral_0.5,p4_131,p4_131_longitudinal_non_integral_-0.5,p4_131_longitudinal_non_integral_0.5,p4_111,p4_121,p4_141,p4_112,p4_122,p4_132,p4_142,avg
"Baseline 1: no pre-training, no meta training",0.5775436285808363,0.6277296360485268,0.498913830557567,0.5794979079497908,0.5731811697574893,0.3909857090509344,0.6294498381877023,0.6643356643356644,0.6749633967789166,0.44539877300613495,0.5183026771079949,0.5014332965821389,0.4550413844996238,0.548982839418717
Baseline 2: pre-trained model,0.7105696410931841,0.7022530329289428,0.7418537291817524,0.7405857740585774,0.651925820256776,0.7541223891535361,0.7065803667745415,0.33466533466533466,0.718887262079063,0.7897750511247443,0.6823893644144965,0.6659316427783903,0.5573739653875094,0.6736087210689882
M-EMG,0.7398748765228844,0.7549393414211438,0.8761766835626358,0.7677824267782427,0.7517831669044223,0.9043605716379626,0.627831715210356,0.5307192807192808,0.5396778916544656,0.7728016359918201,0.6401384083044983,0.6751929437706725,0.5654627539503386,0.7035955151099018
