,p4_111_2,p4_111_longitudinal_non_integral_-0.5,p4_111_longitudinal_non_integral_0.5,p4_131,p4_131_longitudinal_non_integral_-0.5,p4_131_longitudinal_non_integral_0.5,p4_111,p4_121,p4_141,p4_112,p4_122,p4_132,p4_142,avg
"Baseline 1: no pre-training, no meta training",0.473822851498189,0.5351819757365684,0.5401882693700217,0.5794979079497908,0.5032810271041369,0.48845731037009893,0.5458468176914779,0.6476023976023976,0.6746705710102489,0.44539877300613495,0.5183026771079949,0.5014332965821389,0.4550413844996238,0.5314404045791401
Baseline 2: pre-trained model,0.719130721106355,0.7535528596187175,0.7646632874728457,0.5899581589958159,0.7269614835948645,0.7570538658849395,0.5965480043149946,0.3756243756243756,0.811420204978038,0.6699386503067485,0.76761974139501,0.6696802646085998,0.5562452972159518,0.6737228396244043
M-EMG,0.7112281857095818,0.7400346620450606,0.8044895003620565,0.7322175732217573,0.6952924393723252,0.7526566507878344,0.6572276159654801,0.7152847152847153,0.6942898975109809,0.6985685071574642,0.7118921872154435,0.5768467475192943,0.5440180586907449,0.6949266723725184
