{"baseline1/fine_tuning_training_loss": 0.6047707349061966, "_timestamp": 1702769924.515535, "_runtime": 68.08102202415466, "_step": 1417, "baseline1/fine_tuning_val_loss": 1.1278906613588333, "baseline1/fine_tuning_acc": 0.5989304812834224, "baseline2/pretraining_loss": 0.6697488189382915, "baseline2/pretraining_acc": 0.7336911643270024, "baseline2/pretraining_epoch": 29, "baseline2/fine_tuning_training_loss": 0.2627602890133858, "baseline2/fine_tuning_val_loss": 1.6522062520186107, "baseline2/fine_tuning_acc": 0.6470588235294118, "meta/training/training_loss": 0.35539083182811737, "meta/training/val_loss": 1.867278719941775, "meta/training/val_acc": 0.7393617021276596, "meta/validation/avg_val_loss": 1.2785843785320012, "meta/validation/avg_val_acc": 0.6415892114705448, "meta/validation/meta_epoch": 1, "_wandb": {"runtime": 72}}